[
  {
    "title": "¿Qué es el derecho animal en el Perú?",
    "link": "https://medium.com/@renian.pe/qu%C3%A9-es-el-derecho-animal-en-el-per%C3%BA-d61f08427794?source=rss-2fc3ff655f43------2",
    "author": "RENIAN - Registro Nacional de Identidad Animal",
    "published": 1666644533000,
    "created": 1666644533000,
    "category": [
      "leyes-animales",
      "mascotas",
      "mascotas-y-leyes",
      "leyes-peruanas",
      "animales"
    ],
    "content": "<p>Conoce los deberes que tienes como propietario responsable de mascotas… ¡Te contamos todo lo que necesitas saber!</p><p>En el Perú existen más de 6 millones de mascotas que se encuentran en estado de abandono. La falta de conciencia en cuanto a la situación animal actual en el Perú nos lleva a ignorar o desconocer los derechos de nuestros fieles amigos, y muchas veces, caer en la irresponsabilidad con relación a nuestros deberes.</p><h3>Situación actual en el Perú</h3><p>El escenario actual en cuanto a protección animal no es optimista, ya que muchas de las entidades legisladoras ven a las mascotas como seres que no sienten y muchas veces, como bienes.</p><p>Sin embargo, las leyes nacionales e internacionales se ven cada vez más conmovidas por el estado actual de los animales en todo el mundo, logrando que las personas se sientan mucho más involucradas en este cambio.</p><p>Sin embargo, hay avances. La legislación peruana brinda dos formas de amparo obligatorio a las mascotas que residen dentro del Perú, invitando a crear más conciencia y leyes que fortalezcan el sistema actual.</p><figure><img alt=\"\" src=\"https://cdn-images-1.medium.com/max/1024/1*BaNpt7iNFO28Fshr_oE18A.jpeg\" /></figure><h3>Ley 30407 — <strong>LEY DE PROTECCIÓN Y BIENESTAR ANIMAL</strong></h3><p><a href=\"https://busquedas.elperuano.pe/normaslegales/ley-de-proteccion-y-bienestar-animal-ley-n-30407-1331474-1/\">La presente ley 30407</a> <strong><em>tiene por objeto proteger la vida y la salud de los animales</em></strong> […] mantenidos en cautiverio, impedir el maltrato, la crueldad, causados directa o indirectamente por el ser humano, […] así como fomentar el respeto a la vida y el bienestar de los animales a través de la educación.</p><p>Más específicamente, en el <strong>Artículo 5 de la Ley 30407</strong>: El propietario, encargado o responsable de un animal de compañía debe atender con carácter obligatorio las siguientes necesidades fundamentales:</p><blockquote>1. Ambiente adecuado a sus hábitats naturales de vida y condiciones mínimas sanitarias</blockquote><blockquote>2. Alimentación suficiente y adecuada a los requerimientos biológicos de cada especie.</blockquote><blockquote>3. Protección del dolor, sufrimiento, ansiedad, heridas y enfermedades.</blockquote><blockquote>4. Atención médico-veterinaria especializada y vacunación, de ser necesario.</blockquote><h3>Ley 27596 — RÉGIMEN JURÍDICO DE CANES</h3><p>La presente ley tiene por finalidad establecer el régimen jurídico que regulará la crianza, adiestramiento, comercialización, tenencia y transferencia de canes, [ … ] con la finalizad de salvaguardar la integridad, salud y tranquilidad de las personas.</p><p><a href=\"https://www.gob.pe/institucion/congreso-de-la-republica/normas-legales/2753229-27596\"><strong>Artículo 5 y 12 de la Ley 27596</strong></a><strong> hablan un poco sobre el registro formal</strong>: Todo ciudadano debe identificar y registrar debidamente a los canes que sean de su propiedad o se encuentren bajo su tenencia, las mascotas deben portar la identificación que se otorga con el Registro, en la que se debe señalar tanto los datos principales de la mascota como los datos personales del propietario.</p><p>Es innegable que en el Perú cada día hay más conciencia sobre el bienestar animal, y la Ley 30407 abrió el camino para leyes como la reciente <strong>31311</strong>, conocida como la<a href=\"https://lpderecho.pe/ley-esterilizacion-perros-gatos/\"><strong> Ley Cuatro Patas</strong></a> y que prioriza la esterilización de perros y gatos.</p><p>Y tú ¿Qué haces como dueño responsable de mascotas? Déjanos tus comentarios…</p><img src=\"https://medium.com/_/stat?event=post.clientViewed&referrerSource=full_rss&postId=d61f08427794\" width=\"1\" height=\"1\" alt=\"\">",
    "enclosures": [],
    "content_encoded": "<p>Conoce los deberes que tienes como propietario responsable de mascotas… ¡Te contamos todo lo que necesitas saber!</p><p>En el Perú existen más de 6 millones de mascotas que se encuentran en estado de abandono. La falta de conciencia en cuanto a la situación animal actual en el Perú nos lleva a ignorar o desconocer los derechos de nuestros fieles amigos, y muchas veces, caer en la irresponsabilidad con relación a nuestros deberes.</p><h3>Situación actual en el Perú</h3><p>El escenario actual en cuanto a protección animal no es optimista, ya que muchas de las entidades legisladoras ven a las mascotas como seres que no sienten y muchas veces, como bienes.</p><p>Sin embargo, las leyes nacionales e internacionales se ven cada vez más conmovidas por el estado actual de los animales en todo el mundo, logrando que las personas se sientan mucho más involucradas en este cambio.</p><p>Sin embargo, hay avances. La legislación peruana brinda dos formas de amparo obligatorio a las mascotas que residen dentro del Perú, invitando a crear más conciencia y leyes que fortalezcan el sistema actual.</p><figure><img alt=\"\" src=\"https://cdn-images-1.medium.com/max/1024/1*BaNpt7iNFO28Fshr_oE18A.jpeg\" /></figure><h3>Ley 30407 — <strong>LEY DE PROTECCIÓN Y BIENESTAR ANIMAL</strong></h3><p><a href=\"https://busquedas.elperuano.pe/normaslegales/ley-de-proteccion-y-bienestar-animal-ley-n-30407-1331474-1/\">La presente ley 30407</a> <strong><em>tiene por objeto proteger la vida y la salud de los animales</em></strong> […] mantenidos en cautiverio, impedir el maltrato, la crueldad, causados directa o indirectamente por el ser humano, […] así como fomentar el respeto a la vida y el bienestar de los animales a través de la educación.</p><p>Más específicamente, en el <strong>Artículo 5 de la Ley 30407</strong>: El propietario, encargado o responsable de un animal de compañía debe atender con carácter obligatorio las siguientes necesidades fundamentales:</p><blockquote>1. Ambiente adecuado a sus hábitats naturales de vida y condiciones mínimas sanitarias</blockquote><blockquote>2. Alimentación suficiente y adecuada a los requerimientos biológicos de cada especie.</blockquote><blockquote>3. Protección del dolor, sufrimiento, ansiedad, heridas y enfermedades.</blockquote><blockquote>4. Atención médico-veterinaria especializada y vacunación, de ser necesario.</blockquote><h3>Ley 27596 — RÉGIMEN JURÍDICO DE CANES</h3><p>La presente ley tiene por finalidad establecer el régimen jurídico que regulará la crianza, adiestramiento, comercialización, tenencia y transferencia de canes, [ … ] con la finalizad de salvaguardar la integridad, salud y tranquilidad de las personas.</p><p><a href=\"https://www.gob.pe/institucion/congreso-de-la-republica/normas-legales/2753229-27596\"><strong>Artículo 5 y 12 de la Ley 27596</strong></a><strong> hablan un poco sobre el registro formal</strong>: Todo ciudadano debe identificar y registrar debidamente a los canes que sean de su propiedad o se encuentren bajo su tenencia, las mascotas deben portar la identificación que se otorga con el Registro, en la que se debe señalar tanto los datos principales de la mascota como los datos personales del propietario.</p><p>Es innegable que en el Perú cada día hay más conciencia sobre el bienestar animal, y la Ley 30407 abrió el camino para leyes como la reciente <strong>31311</strong>, conocida como la<a href=\"https://lpderecho.pe/ley-esterilizacion-perros-gatos/\"><strong> Ley Cuatro Patas</strong></a> y que prioriza la esterilización de perros y gatos.</p><p>Y tú ¿Qué haces como dueño responsable de mascotas? Déjanos tus comentarios…</p><img src=\"https://medium.com/_/stat?event=post.clientViewed&referrerSource=full_rss&postId=d61f08427794\" width=\"1\" height=\"1\" alt=\"\">",
    "media": {}
  },
  {
    "title": "¡Nueva Feria de Mascotas! ",
    "link": "https://medium.com/@renian.pe/nueva-feria-de-mascotas-8b155ad39494?source=rss-2fc3ff655f43------2",
    "author": "RENIAN - Registro Nacional de Identidad Animal",
    "published": 1666636392000,
    "created": 1666636392000,
    "category": [
      "microchipping-your-pet",
      "mascotas",
      "registro-de-mascota",
      "feria-mascotas",
      "microchip-implant"
    ],
    "content": "<h4>Llegó Halloween y con esto la posibilidad de lucir el mejor disfraz de tu engreído…</h4><p>Nos unimos una ves más a la Municipalidad de Miraflores y Mascotas Miraflores para tener un domingo lleno de sorpresas y premios 🐾🎁 Así es, esta campaña sacará tu lado más creativo para que tu mascotita tenga la posibilidad de ganar uno de nuestros premios.</p><p>Están todos invitados a este evento, donde estaremos realizando registro de mascotas con aplicación de microchip y certificados de implantación.</p><p>👉 REGISTRO + MICROCHIP + PLAQUITA QR 𝗚𝗥𝗔𝗧𝗜𝗦 = S/. 35<br>Te esperamos este 🗓️ Domingo 30 de octubre de 🕙10:00 a.m. a 2:00 p.m. en el 📍Parque Maria Reiche</p><p>¡Los esperamos!</p><figure><img alt=\"\" src=\"https://cdn-images-1.medium.com/max/526/1*jgnilNS-dzOpZn2JSzGhsQ.jpeg\" /></figure><img src=\"https://medium.com/_/stat?event=post.clientViewed&referrerSource=full_rss&postId=8b155ad39494\" width=\"1\" height=\"1\" alt=\"\">",
    "enclosures": [],
    "content_encoded": "<h4>Llegó Halloween y con esto la posibilidad de lucir el mejor disfraz de tu engreído…</h4><p>Nos unimos una ves más a la Municipalidad de Miraflores y Mascotas Miraflores para tener un domingo lleno de sorpresas y premios 🐾🎁 Así es, esta campaña sacará tu lado más creativo para que tu mascotita tenga la posibilidad de ganar uno de nuestros premios.</p><p>Están todos invitados a este evento, donde estaremos realizando registro de mascotas con aplicación de microchip y certificados de implantación.</p><p>👉 REGISTRO + MICROCHIP + PLAQUITA QR 𝗚𝗥𝗔𝗧𝗜𝗦 = S/. 35<br>Te esperamos este 🗓️ Domingo 30 de octubre de 🕙10:00 a.m. a 2:00 p.m. en el 📍Parque Maria Reiche</p><p>¡Los esperamos!</p><figure><img alt=\"\" src=\"https://cdn-images-1.medium.com/max/526/1*jgnilNS-dzOpZn2JSzGhsQ.jpeg\" /></figure><img src=\"https://medium.com/_/stat?event=post.clientViewed&referrerSource=full_rss&postId=8b155ad39494\" width=\"1\" height=\"1\" alt=\"\">",
    "media": {}
  },
  {
    "title": "Después del registro: ¿Qué información debes enviar?",
    "link": "https://medium.com/@renian.pe/despu%C3%A9s-del-registro-qu%C3%A9-informaci%C3%B3n-debes-enviar-a98c76e17481?source=rss-2fc3ff655f43------2",
    "author": "RENIAN - Registro Nacional de Identidad Animal",
    "published": 1666632015000,
    "created": 1666632015000,
    "category": [
      "mascotas",
      "registro-de-mascota",
      "microchip-implant",
      "microchipping-your-pet"
    ],
    "content": "<h4>Conoce los archivos que debes enviar para mantener actualizada la información de tu mascotita 🐾❤️</h4><p>Sabemos lo importante que es mantener la información sanitaria de tu mascotita en un solo lugar. Por ello, si tu mascota está inscrita en RENIAN, puedes almacenar todos sus datos de manera segura en nuestro SRM (Sistema de Registro de Mascotas) — WEB 3.</p><h4><strong>1. Cartilla de vacunación y actualizaciones</strong></h4><p>¡Tenemos la posibilidad de tener la cartilla de vacunación a solo un click! En esta sección podrás colocar los detalles de cada una de ellas y actualizar la información en cualquier momento. Lo mejor de todo es que tenemos un respaldo digital del historial de vacunación de tu mascota en caso de pérdida de cartilla de vacunas.</p><h4>2. Cambio de información de contacto</h4><p>Este punto es sumamente importante… Para saber a quien acudir en caso de pérdida, robo o abandono, necesitamos mantener actualizada la información de contacto del propietario formal de la mascota. En este caso, si han cambiado su número de celular o se han mudado recientemente, debes actualizar el sistema con la nueva información.</p><h4>3. Estado de reproductivo</h4><p>Si tu mascota ha sido esterilizada o castrada después del registro, es necesario actualizar esa información en nuestro sistema. Mantener esta base de datos al día, nos ayudará a obtener una estadística de cómo va avanzando la esterilización en el Perú.</p><h4>4. Cambio de titularidad</h4><p>En caso desees dar en adopción responsable a tu mascota, o la des bajo la tutela de otra persona, es necesario crear un proceso de cambio de titularidad. Así, cambiamos la información de contacto de manera formal y los datos de la mascotita estarán relacionados a su nuevo dueño.</p><figure><img alt=\"\" src=\"https://cdn-images-1.medium.com/max/507/1*QrkpqICp7Flrf-oWW5VvcQ.jpeg\" /></figure><blockquote>¿Quisieras más información sobre el registro nacional de mascotas? Dale clic al siguiente botón para conversar con nuestra asesora ⤵ <a href=\"https://bit.ly/Informacion_RENIAN\">https://bit.ly/Informacion_RENIAN</a></blockquote><p>#TenenciaResponsable</p><img src=\"https://medium.com/_/stat?event=post.clientViewed&referrerSource=full_rss&postId=a98c76e17481\" width=\"1\" height=\"1\" alt=\"\">",
    "enclosures": [],
    "content_encoded": "<h4>Conoce los archivos que debes enviar para mantener actualizada la información de tu mascotita 🐾❤️</h4><p>Sabemos lo importante que es mantener la información sanitaria de tu mascotita en un solo lugar. Por ello, si tu mascota está inscrita en RENIAN, puedes almacenar todos sus datos de manera segura en nuestro SRM (Sistema de Registro de Mascotas) — WEB 3.</p><h4><strong>1. Cartilla de vacunación y actualizaciones</strong></h4><p>¡Tenemos la posibilidad de tener la cartilla de vacunación a solo un click! En esta sección podrás colocar los detalles de cada una de ellas y actualizar la información en cualquier momento. Lo mejor de todo es que tenemos un respaldo digital del historial de vacunación de tu mascota en caso de pérdida de cartilla de vacunas.</p><h4>2. Cambio de información de contacto</h4><p>Este punto es sumamente importante… Para saber a quien acudir en caso de pérdida, robo o abandono, necesitamos mantener actualizada la información de contacto del propietario formal de la mascota. En este caso, si han cambiado su número de celular o se han mudado recientemente, debes actualizar el sistema con la nueva información.</p><h4>3. Estado de reproductivo</h4><p>Si tu mascota ha sido esterilizada o castrada después del registro, es necesario actualizar esa información en nuestro sistema. Mantener esta base de datos al día, nos ayudará a obtener una estadística de cómo va avanzando la esterilización en el Perú.</p><h4>4. Cambio de titularidad</h4><p>En caso desees dar en adopción responsable a tu mascota, o la des bajo la tutela de otra persona, es necesario crear un proceso de cambio de titularidad. Así, cambiamos la información de contacto de manera formal y los datos de la mascotita estarán relacionados a su nuevo dueño.</p><figure><img alt=\"\" src=\"https://cdn-images-1.medium.com/max/507/1*QrkpqICp7Flrf-oWW5VvcQ.jpeg\" /></figure><blockquote>¿Quisieras más información sobre el registro nacional de mascotas? Dale clic al siguiente botón para conversar con nuestra asesora ⤵ <a href=\"https://bit.ly/Informacion_RENIAN\">https://bit.ly/Informacion_RENIAN</a></blockquote><p>#TenenciaResponsable</p><img src=\"https://medium.com/_/stat?event=post.clientViewed&referrerSource=full_rss&postId=a98c76e17481\" width=\"1\" height=\"1\" alt=\"\">",
    "media": {}
  }
]
