[
  {
    "id": 1,
    "title": "¿Qué es el derecho animal en el Perú?",
    "link": "https://medium.com/@renian.pe/qu%C3%A9-es-el-derecho-animal-en-el-per%C3%BA-d61f08427794?source=rss-2fc3ff655f43------2",
    "author": "RENIAN - Registro Nacional de Identidad Animal",
    "image": "https://cdn-images-1.medium.com/max/1024/1*BaNpt7iNFO28Fshr_oE18A.jpeg",
    "content": "Conoce los deberes que tienes como propietario responsable de mascotas… ¡Te contamos todo lo que necesitas saber! En el Perú existen más de 6 millones de mascotas que se encuentran en estado de abandono. La falta de conciencia en cuanto a la situación animal actual en el Perú nos lleva a ignorar o desconocer los derechos de nuestros fieles amigos, y muchas veces, caer en la irresponsabilidad con relación a nuestros deberes."
  },
  {
    "id": 2,
    "title": "¡Nueva Feria de Mascotas! ",
    "link": "https://medium.com/@renian.pe/nueva-feria-de-mascotas-8b155ad39494?source=rss-2fc3ff655f43------2",
    "author": "RENIAN - Registro Nacional de Identidad Animal",
    "image": "https://cdn-images-1.medium.com/max/526/1*jgnilNS-dzOpZn2JSzGhsQ.jpeg",
    "content": "Llegó Halloween y con esto la posibilidad de lucir el mejor disfraz de tu engreído… Nos unimos una ves más a la Municipalidad de Miraflores y Mascotas Miraflores para tener un domingo lleno de sorpresas y premios 🐾🎁 Así es, esta campaña sacará tu lado más creativo para que tu mascotita tenga la posibilidad de ganar uno de nuestros premios."
  },
  {
    "id": 3,
    "title": "Después del registro: ¿Qué información debes enviar?",
    "link": "https://medium.com/@renian.pe/despu%C3%A9s-del-registro-qu%C3%A9-informaci%C3%B3n-debes-enviar-a98c76e17481?source=rss-2fc3ff655f43------2",
    "author": "RENIAN - Registro Nacional de Identidad Animal",
    "image": "https://cdn-images-1.medium.com/max/507/1*QrkpqICp7Flrf-oWW5VvcQ.jpeg",
    "content": "Conoce los archivos que debes enviar para mantener actualizada la información de tu mascotita 🐾❤️ Sabemos lo importante que es mantener la información sanitaria de tu mascotita en un solo lugar. Por ello, si tu mascota está inscrita en RENIAN, puedes almacenar todos sus datos de manera segura en nuestro SRM (Sistema de Registro de Mascotas) — WEB 3."
  }
]
