{
  "countries": [
    {
      "enUs": "AFGHANISTAN",
      "esEs": "AFGANISTÁN",
      "dial_code": "+93",
      "code": "AF"
    },
    {
      "enUs": "ALBANIA",
      "esEs": "ALBANIA",
      "dial_code": "+355",
      "code": "AL"
    },
    {
      "enUs": "ALGERIA",
      "esEs": "ARGELIA",
      "dial_code": "+213",
      "code": "DZ"
    },
    {
      "enUs": "AMERICANSAMOA",
      "esEs": "SAMOA AMERICANA",
      "dial_code": "+1684",
      "code": "AS"
    },
    {
      "enUs": "ANDORRA",
      "esEs": "ANDORRA",
      "dial_code": "+376",
      "code": "AD"
    },
    {
      "enUs": "ANGOLA",
      "esEs": "ANGOLA",
      "dial_code": "+244",
      "code": "AO"
    },
    {
      "enUs": "ANGUILLA",
      "esEs": "ANGUILLA",
      "dial_code": "+1264",
      "code": "AI"
    },
    {
      "enUs": "ANTARCTICA",
      "esEs": "ANTÁRTIDA",
      "dial_code": "+672",
      "code": "AQ"
    },
    {
      "enUs": "ANTIGUA AND BARBUDA",
      "esEs": "ANTIGUA Y BARBUDA",
      "dial_code": "+1268",
      "code": "AG"
    },
    {
      "enUs": "ARGENTINA",
      "esEs": "ARGENTINA",
      "dial_code": "+54",
      "code": "AR"
    },
    {
      "enUs": "ARMENIA",
      "esEs": "ARMENIA",
      "dial_code": "+374",
      "code": "AM"
    },
    {
      "enUs": "ARUBA",
      "esEs": "ARUBA",
      "dial_code": "+297",
      "code": "AW"
    },
    {
      "enUs": "AUSTRALIA",
      "esEs": "AUSTRALIA",
      "dial_code": "+61",
      "code": "AU"
    },
    {
      "enUs": "AUSTRIA",
      "esEs": "AUSTRIA",
      "dial_code": "+43",
      "code": "AT"
    },
    {
      "enUs": "AZERBAIJAN",
      "esEs": "AZERBAIYÁN",
      "dial_code": "+994",
      "code": "AZ"
    },
    {
      "enUs": "BAHAMAS",
      "esEs": "BAHAMAS",
      "dial_code": "+1242",
      "code": "BS"
    },
    {
      "enUs": "BAHRAIN",
      "esEs": "BARÉIN",
      "dial_code": "+973",
      "code": "BH"
    },
    {
      "enUs": "BANGLADESH",
      "esEs": "BANGLADES",
      "dial_code": "+880",
      "code": "BD"
    },
    {
      "enUs": "BARBADOS",
      "esEs": "BARBADOS",
      "dial_code": "+1246",
      "code": "BB"
    },
    {
      "enUs": "BELARUS",
      "esEs": "BIELORRUSIA",
      "dial_code": "+375",
      "code": "BY"
    },
    {
      "enUs": "BELGIUM",
      "esEs": "BÉLGICA",
      "dial_code": "+32",
      "code": "BE"
    },
    {
      "enUs": "BELIZE",
      "esEs": "BELICE",
      "dial_code": "+501",
      "code": "BZ"
    },
    {
      "enUs": "BENIN",
      "esEs": "BENIN",
      "dial_code": "+229",
      "code": "BJ"
    },
    {
      "enUs": "BERMUDA",
      "esEs": "BERMUDAS",
      "dial_code": "+1441",
      "code": "BM"
    },
    {
      "enUs": "BHUTAN",
      "esEs": "BUTAN",
      "dial_code": "+975",
      "code": "BT"
    },
    {
      "enUs": "BOLIVIA",
      "esEs": "BOLIVIA",
      "dial_code": "+591",
      "code": "BO"
    },
    {
      "enUs": "BOSNIA AND HERZEGOVINA",
      "esEs": "BOSNIA-HERZEGOVINA",
      "dial_code": "+387",
      "code": "BA"
    },
    {
      "enUs": "BOTSWANA",
      "esEs": "BOTSUANA",
      "dial_code": "+267",
      "code": "BW"
    },
    {
      "enUs": "BRAZIL",
      "esEs": "BRASIL",
      "dial_code": "+55",
      "code": "BR"
    },
    {
      "enUs": "BRITISH INDIAN OCEAN TERRITORY",
      "esEs": "TERRITORIO BRITÁNICO DEL OCÉANO ÍNDICO",
      "dial_code": "+246",
      "code": "IO"
    },
    {
      "enUs": "BRUNEI DARUSSALAM",
      "esEs": "BRUNEI",
      "dial_code": "+673",
      "code": "BN"
    },
    {
      "enUs": "BULGARIA",
      "esEs": "BULGARIA",
      "dial_code": "+359",
      "code": "BG"
    },
    {
      "enUs": "BURKINA FASO",
      "esEs": "BURKINA FASO",
      "dial_code": "+226",
      "code": "BF"
    },
    {
      "enUs": "BURUNDI",
      "esEs": "BURUNDI",
      "dial_code": "+257",
      "code": "BI"
    },
    {
      "enUs": "CAMBODIA",
      "esEs": "CAMBOYA",
      "dial_code": "+855",
      "code": "KH"
    },
    {
      "enUs": "CAMEROON",
      "esEs": "CAMERÚN",
      "dial_code": "+237",
      "code": "CM"
    },
    {
      "enUs": "CANADA",
      "esEs": "CANADÁ",
      "dial_code": "+1",
      "code": "CA"
    },
    {
      "enUs": "CAPE VERDE",
      "esEs": "CABO VERDE",
      "dial_code": "+238",
      "code": "CV"
    },
    {
      "enUs": "CAYMAN ISLANDS",
      "esEs": "ISLAS CAIMÁN",
      "dial_code": "+ 345",
      "code": "KY"
    },
    {
      "enUs": "CENTRAL AFRICAN REPUBLIC",
      "esEs": "REPÚBLICA CENTROAFRICANA",
      "dial_code": "+236",
      "code": "CF"
    },
    {
      "enUs": "CHAD",
      "esEs": "CHAD",
      "dial_code": "+235",
      "code": "TD"
    },
    {
      "enUs": "CHILE",
      "esEs": "CHILE",
      "dial_code": "+56",
      "code": "CL"
    },
    {
      "enUs": "CHINA",
      "esEs": "CHINA",
      "dial_code": "+86",
      "code": "CN"
    },
    {
      "enUs": "CHRISTMAS ISLAND",
      "esEs": "ISLA DE NAVIDAD",
      "dial_code": "+61",
      "code": "CX"
    },
    {
      "enUs": "COCOS (KEELING) ISLANDS",
      "esEs": "ISLAS COCOS",
      "dial_code": "+61",
      "code": "CC"
    },
    {
      "enUs": "COLOMBIA",
      "esEs": "COLOMBIA",
      "dial_code": "+57",
      "code": "CO"
    },
    {
      "enUs": "COMOROS",
      "esEs": "COMORAS",
      "dial_code": "+269",
      "code": "KM"
    },
    {
      "enUs": "CONGO",
      "esEs": "CONGO",
      "dial_code": "+242",
      "code": "CG"
    },
    {
      "enUs": "CONGO, THE DEMOCRATIC REPUBLIC OF THE",
      "esEs": "REPÚBLICA DEMOCRÁTICA DEL CONGO",
      "dial_code": "+243",
      "code": "CD"
    },
    {
      "enUs": "COOK ISLANDS",
      "esEs": "ISLAS COOK",
      "dial_code": "+682",
      "code": "CK"
    },
    {
      "enUs": "COSTA RICA",
      "esEs": "COSTA RICA",
      "dial_code": "+506",
      "code": "CR"
    },
    {
      "enUs": "COTE D'IVOIRE",
      "esEs": "COSTA DE MARFIL",
      "dial_code": "+225",
      "code": "CI"
    },
    {
      "enUs": "CROATIA",
      "esEs": "CROACIA",
      "dial_code": "+385",
      "code": "HR"
    },
    {
      "enUs": "CUBA",
      "esEs": "CUBA",
      "dial_code": "+53",
      "code": "CU"
    },
    {
      "enUs": "CYPRUS",
      "esEs": "CHIPRE",
      "dial_code": "+537",
      "code": "CY"
    },
    {
      "enUs": "CZECHIA",
      "esEs": "CHEQUIA",
      "dial_code": "+420",
      "code": "CZ"
    },
    {
      "enUs": "DENMARK",
      "esEs": "DINAMARCA",
      "dial_code": "+45",
      "code": "DK"
    },
    {
      "enUs": "DJIBOUTI",
      "esEs": "YIBUTI",
      "dial_code": "+253",
      "code": "DJ"
    },
    {
      "enUs": "DOMINICA",
      "esEs": "DOMINICA",
      "dial_code": "+1767",
      "code": "DM"
    },
    {
      "enUs": "DOMINICAN REPUBLIC",
      "esEs": "REPÚBLICA DOMINICANA",
      "dial_code": "+1849",
      "code": "DO"
    },
    {
      "enUs": "ECUADOR",
      "esEs": "ECUADOR",
      "dial_code": "+593",
      "code": "EC"
    },
    {
      "enUs": "EGYPT",
      "esEs": "EGIPTO",
      "dial_code": "+20",
      "code": "EG"
    },
    {
      "enUs": "EL SALVADOR",
      "esEs": "EL SALVADOR",
      "dial_code": "+503",
      "code": "SV"
    },
    {
      "enUs": "EQUATORIAL GUINEA",
      "esEs": "GUINEA ECUATORIAL",
      "dial_code": "+240",
      "code": "GQ"
    },
    {
      "enUs": "ERITREA",
      "esEs": "ERITREA",
      "dial_code": "+291",
      "code": "ER"
    },
    {
      "enUs": "ESTONIA",
      "esEs": "ESTONIA",
      "dial_code": "+372",
      "code": "EE"
    },
    {
      "enUs": "ETHIOPIA",
      "esEs": "ETIOPÍA",
      "dial_code": "+251",
      "code": "ET"
    },
    {
      "enUs": "FALKLAND ISLANDS (MALVINAS)",
      "esEs": "ISLAS MALVINAS",
      "dial_code": "+500",
      "code": "FK"
    },
    {
      "enUs": "FAROE ISLANDS",
      "esEs": "ISLAS FEROE",
      "dial_code": "+298",
      "code": "FO"
    },
    {
      "enUs": "FIJI",
      "esEs": "FIYI",
      "dial_code": "+679",
      "code": "FJ"
    },
    {
      "enUs": "FINLAND",
      "esEs": "FINLANDIA",
      "dial_code": "+358",
      "code": "FI"
    },
    {
      "enUs": "FRANCE",
      "esEs": "FRANCIA",
      "dial_code": "+33",
      "code": "FR"
    },
    {
      "enUs": "FRENCH GUIANA",
      "esEs": "GUAYANA FRANCESA",
      "dial_code": "+594",
      "code": "GF"
    },
    {
      "enUs": "FRENCH POLYNESIA",
      "esEs": "POLINESIA FRANCESA",
      "dial_code": "+689",
      "code": "PF"
    },
    {
      "enUs": "GABON",
      "esEs": "GABÓN",
      "dial_code": "+241",
      "code": "GA"
    },
    {
      "enUs": "GAMBIA",
      "esEs": "GAMBIA",
      "dial_code": "+220",
      "code": "GM"
    },
    {
      "enUs": "GEORGIA",
      "esEs": "GEORGIA",
      "dial_code": "+995",
      "code": "GE"
    },
    {
      "enUs": "GERMANY",
      "esEs": "ALEMANIA",
      "dial_code": "+49",
      "code": "DE"
    },
    {
      "enUs": "GHANA",
      "esEs": "GHANA",
      "dial_code": "+233",
      "code": "GH"
    },
    {
      "enUs": "GIBRALTAR",
      "esEs": "GIBRALTAR",
      "dial_code": "+350",
      "code": "GI"
    },
    {
      "enUs": "GREECE",
      "esEs": "GRECIA",
      "dial_code": "+30",
      "code": "GR"
    },
    {
      "enUs": "GREENLAND",
      "esEs": "GROENLANDIA",
      "dial_code": "+299",
      "code": "GL"
    },
    {
      "enUs": "GRENADA",
      "esEs": "GRANADA",
      "dial_code": "+1473",
      "code": "GD"
    },
    {
      "enUs": "GUADELOUPE",
      "esEs": "GUADALUPE",
      "dial_code": "+590",
      "code": "GP"
    },
    {
      "enUs": "GUAM",
      "esEs": "GUAM",
      "dial_code": "+1671",
      "code": "GU"
    },
    {
      "enUs": "GUATEMALA",
      "esEs": "GUATEMALA",
      "dial_code": "+502",
      "code": "GT"
    },
    {
      "enUs": "GUERNSEY",
      "esEs": "GUERNSEY",
      "dial_code": "+44",
      "code": "GG"
    },
    {
      "enUs": "GUINEA",
      "esEs": "GUINEA",
      "dial_code": "+224",
      "code": "GN"
    },
    {
      "enUs": "GUINEA-BISSAU",
      "esEs": "GUINEA-BISAU",
      "dial_code": "+245",
      "code": "GW"
    },
    {
      "enUs": "GUYANA",
      "esEs": "GUYANA",
      "dial_code": "+595",
      "code": "GY"
    },
    {
      "enUs": "HAITI",
      "esEs": "HAITÍ",
      "dial_code": "+509",
      "code": "HT"
    },
    {
      "enUs": "HOLY SEE (VATICAN CITY STATE)",
      "esEs": "CIUDAD DEL VATICANO",
      "dial_code": "+379",
      "code": "VA"
    },
    {
      "enUs": "HONDURAS",
      "esEs": "HONDURAS",
      "dial_code": "+504",
      "code": "HN"
    },
    {
      "enUs": "HONG KONG",
      "esEs": "HONG KONG",
      "dial_code": "+852",
      "code": "HK"
    },
    {
      "enUs": "HUNGARY",
      "esEs": "HUNGRÍA",
      "dial_code": "+36",
      "code": "HU"
    },
    {
      "enUs": "ICELAND",
      "esEs": "ISLANDIA",
      "dial_code": "+354",
      "code": "IS"
    },
    {
      "enUs": "INDIA",
      "esEs": "INDIA",
      "dial_code": "+91",
      "code": "IN"
    },
    {
      "enUs": "INDONESIA",
      "esEs": "INDONESIA",
      "dial_code": "+62",
      "code": "ID"
    },
    {
      "enUs": "IRAN, ISLAMIC REPUBLIC OF",
      "esEs": "IRÁN",
      "dial_code": "+98",
      "code": "IR"
    },
    {
      "enUs": "IRAQ",
      "esEs": "IRAQ",
      "dial_code": "+964",
      "code": "IQ"
    },
    {
      "enUs": "IRELAND",
      "esEs": "IRLANDA",
      "dial_code": "+353",
      "code": "IE"
    },
    {
      "enUs": "ISLE OF MAN",
      "esEs": "ISLA DE MAN",
      "dial_code": "+44",
      "code": "IM"
    },
    {
      "enUs": "ISRAEL",
      "esEs": "ISRAEL",
      "dial_code": "+972",
      "code": "IL"
    },
    {
      "enUs": "ITALY",
      "esEs": "ITALIA",
      "dial_code": "+39",
      "code": "IT"
    },
    {
      "enUs": "JAMAICA",
      "esEs": "JAMAICA",
      "dial_code": "+1876",
      "code": "JM"
    },
    {
      "enUs": "JAPAN",
      "esEs": "JAPÓN",
      "dial_code": "+81",
      "code": "JP"
    },
    {
      "enUs": "JERSEY",
      "esEs": "JERSEY",
      "dial_code": "+44",
      "code": "JE"
    },
    {
      "enUs": "JORDAN",
      "esEs": "JORDANIA",
      "dial_code": "+962",
      "code": "JO"
    },
    {
      "enUs": "KAZAKHSTAN",
      "esEs": "KAZAJISTÁN",
      "dial_code": "+7",
      "code": "KZ"
    },
    {
      "enUs": "KENYA",
      "esEs": "KENIA",
      "dial_code": "+254",
      "code": "KE"
    },
    {
      "enUs": "KIRIBATI",
      "esEs": "KIRIBATI",
      "dial_code": "+686",
      "code": "KI"
    },
    {
      "enUs": "KOREA, DEMOCRATIC PEOPLE'S REPUBLIC OF",
      "esEs": "COREA DEL NORTE",
      "dial_code": "+850",
      "code": "KP"
    },
    {
      "enUs": "KOREA, REPUBLIC OF",
      "esEs": "COREA DEL SUR",
      "dial_code": "+82",
      "code": "KR"
    },
    {
      "enUs": "KOSOVO",
      "esEs": "KOSOVO",
      "dial_code": "+383",
      "code": "XK"
    },
    {
      "enUs": "KUWAIT",
      "esEs": "KUWAIT",
      "dial_code": "+965",
      "code": "KW"
    },
    {
      "enUs": "KYRGYZSTAN",
      "esEs": "KIRGUISTÁN",
      "dial_code": "+996",
      "code": "KG"
    },
    {
      "enUs": "LAO PEOPLE'S DEMOCRATIC REPUBLIC",
      "esEs": "LAOS",
      "dial_code": "+856",
      "code": "LA"
    },
    {
      "enUs": "LATVIA",
      "esEs": "LETONIA",
      "dial_code": "+371",
      "code": "LV"
    },
    {
      "enUs": "LEBANON",
      "esEs": "LÍBANO",
      "dial_code": "+961",
      "code": "LB"
    },
    {
      "enUs": "LESOTHO",
      "esEs": "LESOTO",
      "dial_code": "+266",
      "code": "LS"
    },
    {
      "enUs": "LIBERIA",
      "esEs": "LIBERIA",
      "dial_code": "+231",
      "code": "LR"
    },
    {
      "enUs": "LIBYAN ARAB JAMAHIRIYA",
      "esEs": "LIBIA",
      "dial_code": "+218",
      "code": "LY"
    },
    {
      "enUs": "LIECHTENSTEIN",
      "esEs": "LIECHTENSTEIN",
      "dial_code": "+423",
      "code": "LI"
    },
    {
      "enUs": "LITHUANIA",
      "esEs": "LITUANIA",
      "dial_code": "+370",
      "code": "LT"
    },
    {
      "enUs": "LUXEMBOURG",
      "esEs": "LUXEMBURGO",
      "dial_code": "+352",
      "code": "LU"
    },
    {
      "enUs": "MACAO",
      "esEs": "MACAO",
      "dial_code": "+853",
      "code": "MO"
    },
    {
      "enUs": "MACEDONIA, THE FORMER YUGOSLAV REPUBLIC OF",
      "esEs": "REPÚBLICA DE MACEDONIA",
      "dial_code": "+389",
      "code": "MK"
    },
    {
      "enUs": "MADAGASCAR",
      "esEs": "MADAGASCAR",
      "dial_code": "+261",
      "code": "MG"
    },
    {
      "enUs": "MALAWI",
      "esEs": "MALAUI",
      "dial_code": "+265",
      "code": "MW"
    },
    {
      "enUs": "MALAYSIA",
      "esEs": "MALASIA",
      "dial_code": "+60",
      "code": "MY"
    },
    {
      "enUs": "MALDIVES",
      "esEs": "MALDIVAS",
      "dial_code": "+960",
      "code": "MV"
    },
    {
      "enUs": "MALI",
      "esEs": "MALÍ",
      "dial_code": "+223",
      "code": "ML"
    },
    {
      "enUs": "MALTA",
      "esEs": "MALTA",
      "dial_code": "+356",
      "code": "MT"
    },
    {
      "enUs": "MARSHALL ISLANDS",
      "esEs": "ISLAS MARSHALL",
      "dial_code": "+692",
      "code": "MH"
    },
    {
      "enUs": "MARTINIQUE",
      "esEs": "MARTINICA",
      "dial_code": "+596",
      "code": "MQ"
    },
    {
      "enUs": "MAURITANIA",
      "esEs": "MAURITANIA",
      "dial_code": "+222",
      "code": "MR"
    },
    {
      "enUs": "MAURITIUS",
      "esEs": "MAURICIO",
      "dial_code": "+230",
      "code": "MU"
    },
    {
      "enUs": "MAYOTTE",
      "esEs": "MAYOTTE",
      "dial_code": "+262",
      "code": "YT"
    },
    {
      "enUs": "MEXICO",
      "esEs": "MÉXICO",
      "dial_code": "+52",
      "code": "MX"
    },
    {
      "enUs": "MICRONESIA, FEDERATED STATES OF",
      "esEs": "ESTADOS FEDERADOS DE MICRONESIA",
      "dial_code": "+691",
      "code": "FM"
    },
    {
      "enUs": "MOLDOVA, REPUBLIC OF",
      "esEs": "MOLDAVIA",
      "dial_code": "+373",
      "code": "MD"
    },
    {
      "enUs": "MONACO",
      "esEs": "MONACO",
      "dial_code": "+377",
      "code": "MC"
    },
    {
      "enUs": "MONGOLIA",
      "esEs": "MONGOLIA",
      "dial_code": "+976",
      "code": "MN"
    },
    {
      "enUs": "MONTENEGRO",
      "esEs": "MONTENEGRO",
      "dial_code": "+382",
      "code": "ME"
    },
    {
      "enUs": "MONTSERRAT",
      "esEs": "MONTSERRAT",
      "dial_code": "+1664",
      "code": "MS"
    },
    {
      "enUs": "MOROCCO",
      "esEs": "MARRUECOS",
      "dial_code": "+212",
      "code": "MA"
    },
    {
      "enUs": "MOZAMBIQUE",
      "esEs": "MOZAMBIQUE",
      "dial_code": "+258",
      "code": "MZ"
    },
    {
      "enUs": "MYANMAR",
      "esEs": "BIRMANIA",
      "dial_code": "+95",
      "code": "MM"
    },
    {
      "enUs": "NAMIBIA",
      "esEs": "NAMIBIA",
      "dial_code": "+264",
      "code": "NA"
    },
    {
      "enUs": "NAURU",
      "esEs": "NAURU",
      "dial_code": "+674",
      "code": "NR"
    },
    {
      "enUs": "NEPAL",
      "esEs": "NEPAL",
      "dial_code": "+977",
      "code": "NP"
    },
    {
      "enUs": "NETHERLANDS",
      "esEs": "HOLANDA",
      "dial_code": "+31",
      "code": "NL"
    },
    {
      "enUs": "NETHERLANDS ANTILLES",
      "esEs": "ANTILLAS HOLANDESAS",
      "dial_code": "+599",
      "code": "AN"
    },
    {
      "enUs": "NEW CALEDONIA",
      "esEs": "NUEVA CALEDONIA",
      "dial_code": "+687",
      "code": "NC"
    },
    {
      "enUs": "NEW ZEALAND",
      "esEs": "NUEVA ZELANDA",
      "dial_code": "+64",
      "code": "NZ"
    },
    {
      "enUs": "NICARAGUA",
      "esEs": "NICARAGUA",
      "dial_code": "+505",
      "code": "NI"
    },
    {
      "enUs": "NIGER",
      "esEs": "NIGER",
      "dial_code": "+227",
      "code": "NE"
    },
    {
      "enUs": "NIGERIA",
      "esEs": "NIGERIA",
      "dial_code": "+234",
      "code": "NG"
    },
    {
      "enUs": "NIUE",
      "esEs": "NIUE",
      "dial_code": "+683",
      "code": "NU"
    },
    {
      "enUs": "NORFOLKISLAND",
      "esEs": "ISLANORFOLK",
      "dial_code": "+672",
      "code": "NF"
    },
    {
      "enUs": "NORTHERNMARIANAISLANDS",
      "esEs": "ISLASMARIANASDELNORTE",
      "dial_code": "+1670",
      "code": "MP"
    },
    {
      "enUs": "NORWAY",
      "esEs": "NORUEGA",
      "dial_code": "+47",
      "code": "NO"
    },
    {
      "enUs": "OMAN",
      "esEs": "OMÁN",
      "dial_code": "+968",
      "code": "OM"
    },
    {
      "enUs": "PAKISTAN",
      "esEs": "PAKISTÁN",
      "dial_code": "+92",
      "code": "PK"
    },
    {
      "enUs": "PALAU",
      "esEs": "PALAOS",
      "dial_code": "+680",
      "code": "PW"
    },
    {
      "enUs": "PANAMA",
      "esEs": "PANAMÁ",
      "dial_code": "+507",
      "code": "PA"
    },
    {
      "enUs": "PAPUA NEW GUINEA",
      "esEs": "PAPÚA NUEVA GUINEA",
      "dial_code": "+675",
      "code": "PG"
    },
    {
      "enUs": "PARAGUAY",
      "esEs": "PARAGUAY",
      "dial_code": "+595",
      "code": "PY"
    },
    {
      "enUs": "PERU",
      "esEs": "PERÚ",
      "dial_code": "+51",
      "code": "PE"
    },
    {
      "enUs": "PHILIPPINES",
      "esEs": "FILIPINAS",
      "dial_code": "+63",
      "code": "PH"
    },
    {
      "enUs": "PITCAIRN",
      "esEs": "ISLAS PITCAIRN",
      "dial_code": "+872",
      "code": "PN"
    },
    {
      "enUs": "POLAND",
      "esEs": "POLONIA",
      "dial_code": "+48",
      "code": "PL"
    },
    {
      "enUs": "PORTUGAL",
      "esEs": "PORTUGAL",
      "dial_code": "+351",
      "code": "PT"
    },
    {
      "enUs": "PUERTO RICO",
      "esEs": "PUERTO RICO",
      "dial_code": "+1939",
      "code": "PR"
    },
    {
      "enUs": "QATAR",
      "esEs": "QATAR",
      "dial_code": "+974",
      "code": "QA"
    },
    {
      "enUs": "ROMANIA",
      "esEs": "RUMANIA",
      "dial_code": "+40",
      "code": "RO"
    },
    {
      "enUs": "RUSSIA",
      "esEs": "RUSIA",
      "dial_code": "+7",
      "code": "RU"
    },
    {
      "enUs": "RWANDA",
      "esEs": "RUANDA",
      "dial_code": "+250",
      "code": "RW"
    },
    {
      "enUs": "RÉUNION",
      "esEs": "REUNION",
      "dial_code": "+262",
      "code": "RE"
    },
    {
      "enUs": "SAINT BARTHÉLEMY",
      "esEs": "SAN BARTOLOME",
      "dial_code": "+590",
      "code": "BL"
    },
    {
      "enUs": "SAINT HELENA, ASCENSION AND TRISTAN DA CUNHA",
      "esEs": "SANTA ELENA, ASCENSIÓN Y TRISTÁN DE ACUÑA",
      "dial_code": "+290",
      "code": "SH"
    },
    {
      "enUs": "SAINT KITTS AND NEVIS",
      "esEs": "SAN CRISTÓBAL Y NIEVES",
      "dial_code": "+1869",
      "code": "KN"
    },
    {
      "enUs": "SAINT LUCIA",
      "esEs": "SANTA LUCÍA",
      "dial_code": "+1758",
      "code": "LC"
    },
    {
      "enUs": "SAINT MARTIN",
      "esEs": "ISLA DE SAN MARTÍN",
      "dial_code": "+590",
      "code": "MF"
    },
    {
      "enUs": "SAINT PIERRE AND MIQUELON",
      "esEs": "SAN PEDRO Y MIQUELON",
      "dial_code": "+508",
      "code": "PM"
    },
    {
      "enUs": "SAINT VINCENT AND THE GRENADINES",
      "esEs": "SAN VICENTE Y LAS GRANADINAS",
      "dial_code": "+1784",
      "code": "VC"
    },
    {
      "enUs": "SAMOA",
      "esEs": "SAMOA",
      "dial_code": "+685",
      "code": "WS"
    },
    {
      "enUs": "SAN MARINO",
      "esEs": "SAN MARINO",
      "dial_code": "+378",
      "code": "SM"
    },
    {
      "enUs": "SAO TOME AND PRINCIPE",
      "esEs": " SANTO TOMÉ Y PRÍNCIPE",
      "dial_code": "+239",
      "code": "ST"
    },
    {
      "enUs": "SAUDI ARABIA",
      "esEs": "ARABIA SAUDITA",
      "dial_code": "+966",
      "code": "SA"
    },
    {
      "enUs": "SENEGAL",
      "esEs": "SENEGAL",
      "dial_code": "+221",
      "code": "SN"
    },
    {
      "enUs": "SERBIA",
      "esEs": "SERBIA",
      "dial_code": "+381",
      "code": "RS"
    },
    {
      "enUs": "SEYCHELLES",
      "esEs": "SEYCHELLES",
      "dial_code": "+248",
      "code": "SC"
    },
    {
      "enUs": "SIERRA LEONE",
      "esEs": "SIERRA LEONA",
      "dial_code": "+232",
      "code": "SL"
    },
    {
      "enUs": "SINGAPORE",
      "esEs": "SINGAPUR",
      "dial_code": "+65",
      "code": "SG"
    },
    {
      "enUs": "SLOVAKIA",
      "esEs": "ESLOVAQUIA",
      "dial_code": "+421",
      "code": "SK"
    },
    {
      "enUs": "SLOVENIA",
      "esEs": "ESLOVENIA",
      "dial_code": "+386",
      "code": "SI"
    },
    {
      "enUs": "SOLOMON ISLANDS",
      "esEs": "ISLAS SALOMÓN",
      "dial_code": "+677",
      "code": "SB"
    },
    {
      "enUs": "SOMALIA",
      "esEs": "SOMALIA",
      "dial_code": "+252",
      "code": "SO"
    },
    {
      "enUs": "SOUTH AFRICA",
      "esEs": "SUDÁFRICA",
      "dial_code": "+27",
      "code": "ZA"
    },
    {
      "enUs": "SOUTH SUDAN",
      "esEs": "SUDÁN DEL SUR",
      "dial_code": "+211",
      "code": "SS"
    },
    {
      "enUs": "SPAIN",
      "esEs": "ESPAÑA",
      "dial_code": "+34",
      "code": "ES"
    },
    {
      "enUs": "SRI LANKA",
      "esEs": "SRI LANKA",
      "dial_code": "+94",
      "code": "LK"
    },
    {
      "enUs": "STATE OF PALESTINE",
      "esEs": "ESTADO DE PALESTINA",
      "dial_code": "+970",
      "code": "PS"
    },
    {
      "enUs": "SUDAN",
      "esEs": "SUDÁN",
      "dial_code": "+249",
      "code": "SD"
    },
    {
      "enUs": "SURINAME",
      "esEs": "SURINAM",
      "dial_code": "+597",
      "code": "SR"
    },
    {
      "enUs": "SVALBARD AND JAN MAYEN",
      "esEs": "SVALBARD Y JAN MAYEN",
      "dial_code": "+47",
      "code": "SJ"
    },
    {
      "enUs": "SWAZILAND",
      "esEs": "SUAZILANDIA",
      "dial_code": "+268",
      "code": "SZ"
    },
    {
      "enUs": "SWEDEN",
      "esEs": "SUECIA",
      "dial_code": "+46",
      "code": "SE"
    },
    {
      "enUs": "SWITZERLAND",
      "esEs": "SUIZA",
      "dial_code": "+41",
      "code": "CH"
    },
    {
      "enUs": "SYRIAN ARAB REPUBLIC",
      "esEs": "SIRIA",
      "dial_code": "+963",
      "code": "SY"
    },
    {
      "enUs": "TAIWAN, PROVINCE OF CHINA",
      "esEs": "TAIWÁN",
      "dial_code": "+886",
      "code": "TW"
    },
    {
      "enUs": "TAYIKISTAN",
      "esEs": "TAYIKISTÁN",
      "dial_code": "+992",
      "code": "TJ"
    },
    {
      "enUs": "TANZANIA, UNITED REPUBLIC OF",
      "esEs": "TANZANIA",
      "dial_code": "+255",
      "code": "TZ"
    },
    {
      "enUs": "THAILAND",
      "esEs": "TAILANDIA",
      "dial_code": "+66",
      "code": "TH"
    },
    {
      "enUs": "TIMOR-LESTE",
      "esEs": "TIMOR ORIENTAL",
      "dial_code": "+670",
      "code": "TL"
    },
    {
      "enUs": "TOGO",
      "esEs": "TOGO",
      "dial_code": "+228",
      "code": "TG"
    },
    {
      "enUs": "TOKELAU",
      "esEs": "TOKELAU",
      "dial_code": "+690",
      "code": "TK"
    },
    {
      "enUs": "TONGA",
      "esEs": "TONGA",
      "dial_code": "+676",
      "code": "TO"
    },
    {
      "enUs": "TRINIDAD AND TOBAGO",
      "esEs": "TRINIDAD Y TOBAGO",
      "dial_code": "+1868",
      "code": "TT"
    },
    {
      "enUs": "TUNISIA",
      "esEs": "TÚNEZ",
      "dial_code": "+216",
      "code": "TN"
    },
    {
      "enUs": "TURKEY",
      "esEs": "TURQUÍA",
      "dial_code": "+90",
      "code": "TR"
    },
    {
      "enUs": "TURKMENISTAN",
      "esEs": "TURKMENISTÁN",
      "dial_code": "+993",
      "code": "TM"
    },
    {
      "enUs": "TURKS AND CAICOS ISLANDS",
      "esEs": "ISLAS TURCAS Y CAICOS",
      "dial_code": "+1649",
      "code": "TC"
    },
    {
      "enUs": "TUVALU",
      "esEs": "TUVALU",
      "dial_code": "+688",
      "code": "TV"
    },
    {
      "enUs": "UGANDA",
      "esEs": "UGANDA",
      "dial_code": "+256",
      "code": "UG"
    },
    {
      "enUs": "UKRAINE",
      "esEs": "UCRANIA",
      "dial_code": "+380",
      "code": "UA"
    },
    {
      "enUs": "UNITED ARAB EMIRATES",
      "esEs": "EMIRATOS ÁRABES UNIDOS",
      "dial_code": "+971",
      "code": "AE"
    },
    {
      "enUs": "UNITED KINGDOM",
      "esEs": "REINO UNIDO",
      "dial_code": "+44",
      "code": "GB"
    },
    {
      "enUs": "UNITED STATES",
      "esEs": "ESTADOS UNIDOS",
      "dial_code": "+1",
      "code": "US"
    },
    {
      "enUs": "URUGUAY",
      "esEs": "URUGUAY",
      "dial_code": "+598",
      "code": "UY"
    },
    {
      "enUs": "UZBEKISTAN",
      "esEs": "UZBEKISTÁN",
      "dial_code": "+998",
      "code": "UZ"
    },
    {
      "enUs": "VANUATU",
      "esEs": "VANUATU",
      "dial_code": "+678",
      "code": "VU"
    },
    {
      "enUs": "VENEZUELA, BOLIVARIAN REPUBLIC OF",
      "esEs": "VENEZUELA",
      "dial_code": "+58",
      "code": "VE"
    },
    {
      "enUs": "VIETNAM",
      "esEs": "VIETNAM",
      "dial_code": "+84",
      "code": "VN"
    },
    {
      "enUs": "VIRGIN ISLANDS, BRITISH",
      "esEs": "ISLAS VÍRGENES BRITÁNICAS",
      "dial_code": "+1284",
      "code": "VG"
    },
    {
      "enUs": "VIRGIN ISLANDS, U.S.",
      "esEs": "ISLAS VÍRGENES DE LOS ESTADOS UNIDOS",
      "dial_code": "+1340",
      "code": "VI"
    },
    {
      "enUs": "WALLIS AND FUTUNA",
      "esEs": "WALLIS Y FUTUNA",
      "dial_code": "+681",
      "code": "WF"
    },
    {
      "enUs": "YEMEN",
      "esEs": "YEMEN",
      "dial_code": "+967",
      "code": "YE"
    },
    {
      "enUs": "ZAMBIA",
      "esEs": "ZAMBIA",
      "dial_code": "+260",
      "code": "ZM"
    },
    {
      "enUs": "ZIMBABWE",
      "esEs": "ZIMBABUE",
      "dial_code": "+263",
      "code": "ZW"
    },
    {
      "enUs": "ÅLAND ISLANDS",
      "esEs": "ÅLAND",
      "dial_code": "+358",
      "code": "AX"
    }
  ]
}
